"V1.Demo.ResponseID","cluster"
"R_0GMFbyi9FK4kkGB",3
"R_1C9OM6dEMh6bC2K",4
"R_1CJBv3T6iMWVGNi",1
"R_1DI4d36ekxRhhfV",2
"R_1FKSWUWPnHiKk87",3
"R_1hYasJhPjun61bv",3
"R_1IsoEfA2NxRGhHX",3
"R_1LzZNPtwA2QzH6q",4
"R_1N9TRjqcb9Fk4CR",3
"R_1NfniThCwqwmu3j",4
"R_21sntNYLoAMBq76",3
"R_22t2NN3jthnAV2I",2
"R_23dCEhp2kG80ljS",4
"R_25XA5detHisiIfY",2
"R_2CCmik3QGSpzfsE",3
"R_2EhN26O9XgnVcYL",3
"R_2EuAlXpjf3VzEFz",3
"R_2qy2KH0pXMCH7I5",3
"R_2WUU4RfkZk2V6Zb",2
"R_2WZ7SqoXMZLamJp",4
"R_2ymhTjuplWNXxOR",2
"R_32LnDdHqvZUpQBg",3
"R_33d8O4SLMwlX5Cb",3
"R_39Fxu5J7UF8SETP",3
"R_3E9E5fbDh9bNsoO",2
"R_3hDD72YLz6hbPaS",2
"R_3iU7PzrgHv1uazJ",3
"R_3MM8jaXJ5M71QCe",3
"R_3NyxmcO61vzTICb",2
"R_3oGXNGPfa75g7bx",1
"R_3p51xJ2ERVu65mI",3
"R_3qjuOfZdr9eHu36",2
"R_3rIGH7ESZPu3fjU",3
"R_3RpFllC4M88ovGJ",2
"R_3Rw50dqAiSwMpAV",3
"R_3saKCh7MajZZhYs",3
"R_3sjpriaqdQo1Uyo",4
"R_3vXFJRU6fr0eugd",4
"R_4YjbI202p4cbq7j",2
"R_5iF9CA6uCTgpHUJ",4
"R_7VvqIVhS4Nku8sF",4
"R_9pntOeiUhrkoFOR",2
"R_ApRTzyJc28GpyGR",3
"R_CdCbDe26aei6eul",3
"R_cZ0xIa8lFcFp8l3",3
"R_eFqPtdxcTBlT52d",1
"R_R92KbjOpYg0GiAh",3
"R_Ti9bsXd3c3mfOed",2
"R_UPTysfHcU0TSpgZ",2
"R_UVJxAeo1U2CyUbD",3
"R_vpoKMIyme70E6UV",2
